metric,value
control_rate,0.08174726989079563
treatment_rate,0.09578783151326054
absolute_lift_pp,1.4040561622464907
relative_lift_pct,17.17557251908398
p_value,0.04812651621642709
ci_low,0.00011994630611779876
ci_upp,0.02796117693881201
control_aov,49.186946564885496
treatment_aov,49.99185667752443
aov_p_value,0.5371498829514272
