device_type,group,converted
desktop,control,0.08401826484018265
desktop,treatment,0.0969807868252516
mobile,control,0.0802675585284281
mobile,treatment,0.09317803660565724
tablet,control,0.08227848101265822
tablet,treatment,0.10679611650485436
